Workbook
Name reportDate: Data!$B$1

Sheet Data
A1: For Date: | B1: 44686 | V1: =COLUMN() -> 22
B3: 0 | C3: 37 | D3: 37 | E3: 2 | F3: 36 | G3: 36 | H3: 4 | I3: 35 | J3: 35 | K3: 6 | L3: 30 | M3: 30 | N3: 8 | O3: 25 | P3: 25 | Q3: 10 | R3: 37 | S3: 37 | T3: 12 | U3: 30 | V3: 30
A4: Time | B4: EN1604-Room probe | C4: EN1604 Lower | D4: EN1604 Higher | E4: EN1605-Room probe | F4: EN1605 Lower | G4: EN1605 Higher | H4: EN1569-Room probe | I4: EN1569 Lower | J4: EN1569 Higher | K4: EN1570-Room probe | L4: EN1570 Lower | M4: EN1570 Higher | N4: EN1571-Room probe | O4: EN1571 Lower | P4: EN1571 Higher | Q4: EN1568-Room probe | R4: EN1568 Lower | S4: EN1568 Higher | T4: EN1606-Room probe | U4: EN1606 Lower | V4: EN1606 Higher
A5: =reportDate+TIME(6,0,0) -> 44686.25 | B5: =VLOOKUP("l" & B$3 & TEXT(DataLog[[#This Row],[Time]],"yyyymmddhhmmss"),DataTable!$A:$B,2,FALSE) -> 37.5 | C5: =C$3-1 -> 36 | D5: =D$3+1 -> 38 | E5: =VLOOKUP("l" & E$3 & TEXT(DataLog[[#This Row],[Time]],"yyyymmddhhmmss"),DataTable!$A:$B,2,FALSE) -> 36.200001 | F5: =F$3-1 -> 35 | G5: =G$3+1 -> 37 | H5: =VLOOKUP("l" & H$3 & TEXT(DataLog[[#This Row],[Time]],"yyyymmddhhmmss"),DataTable!$A:$B,2,FALSE) -> 35 | I5: =I$3-1 -> 34 | J5: =J$3+1 -> 36 | K5: =VLOOKUP("l" & K$3 & TEXT(DataLog[[#This Row],[Time]],"yyyymmddhhmmss"),DataTable!$A:$B,2,FALSE) -> 29.6 | L5: =L$3-1 -> 29 | M5: =M$3+1 -> 31 | N5: =VLOOKUP("l" & N$3 & TEXT(DataLog[[#This Row],[Time]],"yyyymmddhhmmss"),DataTable!$A:$B,2,FALSE) -> 24.799999 | O5: =O$3-1 -> 24 | P5: =P$3+1 -> 26 | Q5: =VLOOKUP("l" & Q$3 & TEXT(DataLog[[#This Row],[Time]],"yyyymmddhhmmss"),DataTable!$A:$B,2,FALSE) -> 37.099998 | R5: =R$3-1 -> 36 | S5: =S$3+1 -> 38 | T5: =VLOOKUP("l" & T$3 & TEXT(DataLog[[#This Row],[Time]],"yyyymmddhhmmss"),DataTable!$A:$B,2,FALSE) -> 29.799999 | U5: =U$3-1 -> 29 | V5: =V$3+1 -> 31
A6: =A5+TIME(0,15,0) -> 44686.26 | B6: =VLOOKUP("l" & B$3 & TEXT(DataLog[[#This Row],[Time]],"yyyymmddhhmmss"),DataTable!$A:$B,2,FALSE) -> 37.299999 | C6: =C$3-1 -> 36 | D6: =D$3+1 -> 38 | E6: =VLOOKUP("l" & E$3 & TEXT(DataLog[[#This Row],[Time]],"yyyymmddhhmmss"),DataTable!$A:$B,2,FALSE) -> 35.599998 | F6: =F$3-1 -> 35 | G6: =G$3+1 -> 37 | H6: =VLOOKUP("l" & H$3 & TEXT(DataLog[[#This Row],[Time]],"yyyymmddhhmmss"),DataTable!$A:$B,2,FALSE) -> 35 | I6: =I$3-1 -> 34 | J6: =J$3+1 -> 36 | K6: =VLOOKUP("l" & K$3 & TEXT(DataLog[[#This Row],[Time]],"yyyymmddhhmmss"),DataTable!$A:$B,2,FALSE) -> 29.6 | L6: =L$3-1 -> 29 | M6: =M$3+1 -> 31 | N6: =VLOOKUP("l" & N$3 & TEXT(DataLog[[#This Row],[Time]],"yyyymmddhhmmss"),DataTable!$A:$B,2,FALSE) -> 24.4 | O6: =O$3-1 -> 24 | P6: =P$3+1 -> 26 | Q6: =VLOOKUP("l" & Q$3 & TEXT(DataLog[[#This Row],[Time]],"yyyymmddhhmmss"),DataTable!$A:$B,2,FALSE) -> 36.900002 | R6: =R$3-1 -> 36 | S6: =S$3+1 -> 38 | T6: =VLOOKUP("l" & T$3 & TEXT(DataLog[[#This Row],[Time]],"yyyymmddhhmmss"),DataTable!$A:$B,2,FALSE) -> 30 | U6: =U$3-1 -> 29 | V6: =V$3+1 -> 31
A7: =A6+TIME(0,15,0) -> 44686.271 | B7: =VLOOKUP("l" & B$3 & TEXT(DataLog[[#This Row],[Time]],"yyyymmddhhmmss"),DataTable!$A:$B,2,FALSE) -> 37.5 | C7: =C$3-1 -> 36 | D7: =D$3+1 -> 38 | E7: =VLOOKUP("l" & E$3 & TEXT(DataLog[[#This Row],[Time]],"yyyymmddhhmmss"),DataTable!$A:$B,2,FALSE) -> 36.400002 | F7: =F$3-1 -> 35 | G7: =G$3+1 -> 37 | H7: =VLOOKUP("l" & H$3 & TEXT(DataLog[[#This Row],[Time]],"yyyymmddhhmmss"),DataTable!$A:$B,2,FALSE) -> 35 | I7: =I$3-1 -> 34 | J7: =J$3+1 -> 36 | K7: =VLOOKUP("l" & K$3 & TEXT(DataLog[[#This Row],[Time]],"yyyymmddhhmmss"),DataTable!$A:$B,2,FALSE) -> 29.799999 | L7: =L$3-1 -> 29 | M7: =M$3+1 -> 31 | N7: =VLOOKUP("l" & N$3 & TEXT(DataLog[[#This Row],[Time]],"yyyymmddhhmmss"),DataTable!$A:$B,2,FALSE) -> 24.799999 | O7: =O$3-1 -> 24 | P7: =P$3+1 -> 26 | Q7: =VLOOKUP("l" & Q$3 & TEXT(DataLog[[#This Row],[Time]],"yyyymmddhhmmss"),DataTable!$A:$B,2,FALSE) -> 36.900002 | R7: =R$3-1 -> 36 | S7: =S$3+1 -> 38 | T7: =VLOOKUP("l" & T$3 & TEXT(DataLog[[#This Row],[Time]],"yyyymmddhhmmss"),DataTable!$A:$B,2,FALSE) -> 30.200001 | U7: =U$3-1 -> 29 | V7: =V$3+1 -> 31
A8: =A7+TIME(0,15,0) -> 44686.281 | B8: =VLOOKUP("l" & B$3 & TEXT(DataLog[[#This Row],[Time]],"yyyymmddhhmmss"),DataTable!$A:$B,2,FALSE) -> 37.099998 | C8: =C$3-1 -> 36 | D8: =D$3+1 -> 38 | E8: =VLOOKUP("l" & E$3 & TEXT(DataLog[[#This Row],[Time]],"yyyymmddhhmmss"),DataTable!$A:$B,2,FALSE) -> 36.799999 | F8: =F$3-1 -> 35 | G8: =G$3+1 -> 37 | H8: =VLOOKUP("l" & H$3 & TEXT(DataLog[[#This Row],[Time]],"yyyymmddhhmmss"),DataTable!$A:$B,2,FALSE) -> 35 | I8: =I$3-1 -> 34 | J8: =J$3+1 -> 36 | K8: =VLOOKUP("l" & K$3 & TEXT(DataLog[[#This Row],[Time]],"yyyymmddhhmmss"),DataTable!$A:$B,2,FALSE) -> 29.799999 | L8: =L$3-1 -> 29 | M8: =M$3+1 -> 31 | N8: =VLOOKUP("l" & N$3 & TEXT(DataLog[[#This Row],[Time]],"yyyymmddhhmmss"),DataTable!$A:$B,2,FALSE) -> 25 | O8: =O$3-1 -> 24 | P8: =P$3+1 -> 26 | Q8: =VLOOKUP("l" & Q$3 & TEXT(DataLog[[#This Row],[Time]],"yyyymmddhhmmss"),DataTable!$A:$B,2,FALSE) -> 36.900002 | R8: =R$3-1 -> 36 | S8: =S$3+1 -> 38 | T8: =VLOOKUP("l" & T$3 & TEXT(DataLog[[#This Row],[Time]],"yyyymmddhhmmss"),DataTable!$A:$B,2,FALSE) -> 30.200001 | U8: =U$3-1 -> 29 | V8: =V$3+1 -> 31
A9: =A8+TIME(0,15,0) -> 44686.292 | B9: =VLOOKUP("l" & B$3 & TEXT(DataLog[[#This Row],[Time]],"yyyymmddhhmmss"),DataTable!$A:$B,2,FALSE) -> 37.700001 | C9: =C$3-1 -> 36 | D9: =D$3+1 -> 38 | E9: =VLOOKUP("l" & E$3 & TEXT(DataLog[[#This Row],[Time]],"yyyymmddhhmmss"),DataTable!$A:$B,2,FALSE) -> 36.400002 | F9: =F$3-1 -> 35 | G9: =G$3+1 -> 37 | H9: =VLOOKUP("l" & H$3 & TEXT(DataLog[[#This Row],[Time]],"yyyymmddhhmmss"),DataTable!$A:$B,2,FALSE) -> 35 | I9: =I$3-1 -> 34 | J9: =J$3+1 -> 36 | K9: =VLOOKUP("l" & K$3 & TEXT(DataLog[[#This Row],[Time]],"yyyymmddhhmmss"),DataTable!$A:$B,2,FALSE) -> 29.799999 | L9: =L$3-1 -> 29 | M9: =M$3+1 -> 31 | N9: =VLOOKUP("l" & N$3 & TEXT(DataLog[[#This Row],[Time]],"yyyymmddhhmmss"),DataTable!$A:$B,2,FALSE) -> 25 | O9: =O$3-1 -> 24 | P9: =P$3+1 -> 26 | Q9: =VLOOKUP("l" & Q$3 & TEXT(DataLog[[#This Row],[Time]],"yyyymmddhhmmss"),DataTable!$A:$B,2,FALSE) -> 36.900002 | R9: =R$3-1 -> 36 | S9: =S$3+1 -> 38 | T9: =VLOOKUP("l" & T$3 & TEXT(DataLog[[#This Row],[Time]],"yyyymmddhhmmss"),DataTable!$A:$B,2,FALSE) -> 30 | U9: =U$3-1 -> 29 | V9: =V$3+1 -> 31
A10: =A9+TIME(0,15,0) -> 44686.302 | B10: =VLOOKUP("l" & B$3 & TEXT(DataLog[[#This Row],[Time]],"yyyymmddhhmmss"),DataTable!$A:$B,2,FALSE) -> 37.299999 | C10: =C$3-1 -> 36 | D10: =D$3+1 -> 38 | E10: =VLOOKUP("l" & E$3 & TEXT(DataLog[[#This Row],[Time]],"yyyymmddhhmmss"),DataTable!$A:$B,2,FALSE) -> 35.799999 | F10: =F$3-1 -> 35 | G10: =G$3+1 -> 37 | H10: =VLOOKUP("l" & H$3 & TEXT(DataLog[[#This Row],[Time]],"yyyymmddhhmmss"),DataTable!$A:$B,2,FALSE) -> 35 | I10: =I$3-1 -> 34 | J10: =J$3+1 -> 36 | K10: =VLOOKUP("l" & K$3 & TEXT(DataLog[[#This Row],[Time]],"yyyymmddhhmmss"),DataTable!$A:$B,2,FALSE) -> 29.799999 | L10: =L$3-1 -> 29 | M10: =M$3+1 -> 31 | N10: =VLOOKUP("l" & N$3 & TEXT(DataLog[[#This Row],[Time]],"yyyymmddhhmmss"),DataTable!$A:$B,2,FALSE) -> 24.799999 | O10: =O$3-1 -> 24 | P10: =P$3+1 -> 26 | Q10: =VLOOKUP("l" & Q$3 & TEXT(DataLog[[#This Row],[Time]],"yyyymmddhhmmss"),DataTable!$A:$B,2,FALSE) -> 36.700001 | R10: =R$3-1 -> 36 | S10: =S$3+1 -> 38 | T10: =VLOOKUP("l" & T$3 & TEXT(DataLog[[#This Row],[Time]],"yyyymmddhhmmss"),DataTable!$A:$B,2,FALSE) -> 29.799999 | U10: =U$3-1 -> 29 | V10: =V$3+1 -> 31
A11: =A10+TIME(0,15,0) -> 44686.312 | B11: =VLOOKUP("l" & B$3 & TEXT(DataLog[[#This Row],[Time]],"yyyymmddhhmmss"),DataTable!$A:$B,2,FALSE) -> 37.5 | C11: =C$3-1 -> 36 | D11: =D$3+1 -> 38 | E11: =VLOOKUP("l" & E$3 & TEXT(DataLog[[#This Row],[Time]],"yyyymmddhhmmss"),DataTable!$A:$B,2,FALSE) -> 36 | F11: =F$3-1 -> 35 | G11: =G$3+1 -> 37 | H11: =VLOOKUP("l" & H$3 & TEXT(DataLog[[#This Row],[Time]],"yyyymmddhhmmss"),DataTable!$A:$B,2,FALSE) -> 35 | I11: =I$3-1 -> 34 | J11: =J$3+1 -> 36 | K11: =VLOOKUP("l" & K$3 & TEXT(DataLog[[#This Row],[Time]],"yyyymmddhhmmss"),DataTable!$A:$B,2,FALSE) -> 29.6 | L11: =L$3-1 -> 29 | M11: =M$3+1 -> 31 | N11: =VLOOKUP("l" & N$3 & TEXT(DataLog[[#This Row],[Time]],"yyyymmddhhmmss"),DataTable!$A:$B,2,FALSE) -> 24.6 | O11: =O$3-1 -> 24 | P11: =P$3+1 -> 26 | Q11: =VLOOKUP("l" & Q$3 & TEXT(DataLog[[#This Row],[Time]],"yyyymmddhhmmss"),DataTable!$A:$B,2,FALSE) -> 36.900002 | R11: =R$3-1 -> 36 | S11: =S$3+1 -> 38 | T11: =VLOOKUP("l" & T$3 & TEXT(DataLog[[#This Row],[Time]],"yyyymmddhhmmss"),DataTable!$A:$B,2,FALSE) -> 29.799999 | U11: =U$3-1 -> 29 | V11: =V$3+1 -> 31
A12: =A11+TIME(0,15,0) -> 44686.323 | B12: =VLOOKUP("l" & B$3 & TEXT(DataLog[[#This Row],[Time]],"yyyymmddhhmmss"),DataTable!$A:$B,2,FALSE) -> 37.5 | C12: =C$3-1 -> 36 | D12: =D$3+1 -> 38 | E12: =VLOOKUP("l" & E$3 & TEXT(DataLog[[#This Row],[Time]],"yyyymmddhhmmss"),DataTable!$A:$B,2,FALSE) -> 36.599998 | F12: =F$3-1 -> 35 | G12: =G$3+1 -> 37 | H12: =VLOOKUP("l" & H$3 & TEXT(DataLog[[#This Row],[Time]],"yyyymmddhhmmss"),DataTable!$A:$B,2,FALSE) -> 35 | I12: =I$3-1 -> 34 | J12: =J$3+1 -> 36 | K12: =VLOOKUP("l" & K$3 & TEXT(DataLog[[#This Row],[Time]],"yyyymmddhhmmss"),DataTable!$A:$B,2,FALSE) -> 29.6 | L12: =L$3-1 -> 29 | M12: =M$3+1 -> 31 | N12: =VLOOKUP("l" & N$3 & TEXT(DataLog[[#This Row],[Time]],"yyyymmddhhmmss"),DataTable!$A:$B,2,FALSE) -> 24.6 | O12: =O$3-1 -> 24 | P12: =P$3+1 -> 26 | Q12: =VLOOKUP("l" & Q$3 & TEXT(DataLog[[#This Row],[Time]],"yyyymmddhhmmss"),DataTable!$A:$B,2,FALSE) -> 36.900002 | R12: =R$3-1 -> 36 | S12: =S$3+1 -> 38 | T12: =VLOOKUP("l" & T$3 & TEXT(DataLog[[#This Row],[Time]],"yyyymmddhhmmss"),DataTable!$A:$B,2,FALSE) -> 30.200001 | U12: =U$3-1 -> 29 | V12: =V$3+1 -> 31
A13: =A12+TIME(0,15,0) -> 44686.333 | B13: =VLOOKUP("l" & B$3 & TEXT(DataLog[[#This Row],[Time]],"yyyymmddhhmmss"),DataTable!$A:$B,2,FALSE) -> 37.5 | C13: =C$3-1 -> 36 | D13: =D$3+1 -> 38 | E13: =VLOOKUP("l" & E$3 & TEXT(DataLog[[#This Row],[Time]],"yyyymmddhhmmss"),DataTable!$A:$B,2,FALSE) -> 36.599998 | F13: =F$3-1 -> 35 | G13: =G$3+1 -> 37 | H13: =VLOOKUP("l" & H$3 & TEXT(DataLog[[#This Row],[Time]],"yyyymmddhhmmss"),DataTable!$A:$B,2,FALSE) -> 35 | I13: =I$3-1 -> 34 | J13: =J$3+1 -> 36 | K13: =VLOOKUP("l" & K$3 & TEXT(DataLog[[#This Row],[Time]],"yyyymmddhhmmss"),DataTable!$A:$B,2,FALSE) -> 29.799999 | L13: =L$3-1 -> 29 | M13: =M$3+1 -> 31 | N13: =VLOOKUP("l" & N$3 & TEXT(DataLog[[#This Row],[Time]],"yyyymmddhhmmss"),DataTable!$A:$B,2,FALSE) -> 25 | O13: =O$3-1 -> 24 | P13: =P$3+1 -> 26 | Q13: =VLOOKUP("l" & Q$3 & TEXT(DataLog[[#This Row],[Time]],"yyyymmddhhmmss"),DataTable!$A:$B,2,FALSE) -> 36.700001 | R13: =R$3-1 -> 36 | S13: =S$3+1 -> 38 | T13: =VLOOKUP("l" & T$3 & TEXT(DataLog[[#This Row],[Time]],"yyyymmddhhmmss"),DataTable!$A:$B,2,FALSE) -> 30.4 | U13: =U$3-1 -> 29 | V13: =V$3+1 -> 31
A14: =A13+TIME(0,15,0) -> 44686.344 | B14: =VLOOKUP("l" & B$3 & TEXT(DataLog[[#This Row],[Time]],"yyyymmddhhmmss"),DataTable!$A:$B,2,FALSE) -> 37.5 | C14: =C$3-1 -> 36 | D14: =D$3+1 -> 38 | E14: =VLOOKUP("l" & E$3 & TEXT(DataLog[[#This Row],[Time]],"yyyymmddhhmmss"),DataTable!$A:$B,2,FALSE) -> 36 | F14: =F$3-1 -> 35 | G14: =G$3+1 -> 37 | H14: =VLOOKUP("l" & H$3 & TEXT(DataLog[[#This Row],[Time]],"yyyymmddhhmmss"),DataTable!$A:$B,2,FALSE) -> 35 | I14: =I$3-1 -> 34 | J14: =J$3+1 -> 36 | K14: =VLOOKUP("l" & K$3 & TEXT(DataLog[[#This Row],[Time]],"yyyymmddhhmmss"),DataTable!$A:$B,2,FALSE) -> 29.6 | L14: =L$3-1 -> 29 | M14: =M$3+1 -> 31 | N14: =VLOOKUP("l" & N$3 & TEXT(DataLog[[#This Row],[Time]],"yyyymmddhhmmss"),DataTable!$A:$B,2,FALSE) -> 25 | O14: =O$3-1 -> 24 | P14: =P$3+1 -> 26 | Q14: =VLOOKUP("l" & Q$3 & TEXT(DataLog[[#This Row],[Time]],"yyyymmddhhmmss"),DataTable!$A:$B,2,FALSE) -> 36.900002 | R14: =R$3-1 -> 36 | S14: =S$3+1 -> 38 | T14: =VLOOKUP("l" & T$3 & TEXT(DataLog[[#This Row],[Time]],"yyyymmddhhmmss"),DataTable!$A:$B,2,FALSE) -> 30.4 | U14: =U$3-1 -> 29 | V14: =V$3+1 -> 31
A15: =A14+TIME(0,15,0) -> 44686.354 | B15: =VLOOKUP("l" & B$3 & TEXT(DataLog[[#This Row],[Time]],"yyyymmddhhmmss"),DataTable!$A:$B,2,FALSE) -> 37.299999 | C15: =C$3-1 -> 36 | D15: =D$3+1 -> 38 | E15: =VLOOKUP("l" & E$3 & TEXT(DataLog[[#This Row],[Time]],"yyyymmddhhmmss"),DataTable!$A:$B,2,FALSE) -> 35.599998 | F15: =F$3-1 -> 35 | G15: =G$3+1 -> 37 | H15: =VLOOKUP("l" & H$3 & TEXT(DataLog[[#This Row],[Time]],"yyyymmddhhmmss"),DataTable!$A:$B,2,FALSE) -> 35 | I15: =I$3-1 -> 34 | J15: =J$3+1 -> 36 | K15: =VLOOKUP("l" & K$3 & TEXT(DataLog[[#This Row],[Time]],"yyyymmddhhmmss"),DataTable!$A:$B,2,FALSE) -> 29.799999 | L15: =L$3-1 -> 29 | M15: =M$3+1 -> 31 | N15: =VLOOKUP("l" & N$3 & TEXT(DataLog[[#This Row],[Time]],"yyyymmddhhmmss"),DataTable!$A:$B,2,FALSE) -> 24.799999 | O15: =O$3-1 -> 24 | P15: =P$3+1 -> 26 | Q15: =VLOOKUP("l" & Q$3 & TEXT(DataLog[[#This Row],[Time]],"yyyymmddhhmmss"),DataTable!$A:$B,2,FALSE) -> 36.900002 | R15: =R$3-1 -> 36 | S15: =S$3+1 -> 38 | T15: =VLOOKUP("l" & T$3 & TEXT(DataLog[[#This Row],[Time]],"yyyymmddhhmmss"),DataTable!$A:$B,2,FALSE) -> 30.200001 | U15: =U$3-1 -> 29 | V15: =V$3+1 -> 31
A16: =A15+TIME(0,15,0) -> 44686.365 | B16: =VLOOKUP("l" & B$3 & TEXT(DataLog[[#This Row],[Time]],"yyyymmddhhmmss"),DataTable!$A:$B,2,FALSE) -> 37.700001 | C16: =C$3-1 -> 36 | D16: =D$3+1 -> 38 | E16: =VLOOKUP("l" & E$3 & TEXT(DataLog[[#This Row],[Time]],"yyyymmddhhmmss"),DataTable!$A:$B,2,FALSE) -> 36.799999 | F16: =F$3-1 -> 35 | G16: =G$3+1 -> 37 | H16: =VLOOKUP("l" & H$3 & TEXT(DataLog[[#This Row],[Time]],"yyyymmddhhmmss"),DataTable!$A:$B,2,FALSE) -> 35 | I16: =I$3-1 -> 34 | J16: =J$3+1 -> 36 | K16: =VLOOKUP("l" & K$3 & TEXT(DataLog[[#This Row],[Time]],"yyyymmddhhmmss"),DataTable!$A:$B,2,FALSE) -> 29.6 | L16: =L$3-1 -> 29 | M16: =M$3+1 -> 31 | N16: =VLOOKUP("l" & N$3 & TEXT(DataLog[[#This Row],[Time]],"yyyymmddhhmmss"),DataTable!$A:$B,2,FALSE) -> 24.799999 | O16: =O$3-1 -> 24 | P16: =P$3+1 -> 26 | Q16: =VLOOKUP("l" & Q$3 & TEXT(DataLog[[#This Row],[Time]],"yyyymmddhhmmss"),DataTable!$A:$B,2,FALSE) -> 36.700001 | R16: =R$3-1 -> 36 | S16: =S$3+1 -> 38 | T16: =VLOOKUP("l" & T$3 & TEXT(DataLog[[#This Row],[Time]],"yyyymmddhhmmss"),DataTable!$A:$B,2,FALSE) -> 30 | U16: =U$3-1 -> 29 | V16: =V$3+1 -> 31
A17: =A16+TIME(0,15,0) -> 44686.375 | B17: =VLOOKUP("l" & B$3 & TEXT(DataLog[[#This Row],[Time]],"yyyymmddhhmmss"),DataTable!$A:$B,2,FALSE) -> 37.299999 | C17: =C$3-1 -> 36 | D17: =D$3+1 -> 38 | E17: =VLOOKUP("l" & E$3 & TEXT(DataLog[[#This Row],[Time]],"yyyymmddhhmmss"),DataTable!$A:$B,2,FALSE) -> 36.799999 | F17: =F$3-1 -> 35 | G17: =G$3+1 -> 37 | H17: =VLOOKUP("l" & H$3 & TEXT(DataLog[[#This Row],[Time]],"yyyymmddhhmmss"),DataTable!$A:$B,2,FALSE) -> 35 | I17: =I$3-1 -> 34 | J17: =J$3+1 -> 36 | K17: =VLOOKUP("l" & K$3 & TEXT(DataLog[[#This Row],[Time]],"yyyymmddhhmmss"),DataTable!$A:$B,2,FALSE) -> 29.6 | L17: =L$3-1 -> 29 | M17: =M$3+1 -> 31 | N17: =VLOOKUP("l" & N$3 & TEXT(DataLog[[#This Row],[Time]],"yyyymmddhhmmss"),DataTable!$A:$B,2,FALSE) -> 24.4 | O17: =O$3-1 -> 24 | P17: =P$3+1 -> 26 | Q17: =VLOOKUP("l" & Q$3 & TEXT(DataLog[[#This Row],[Time]],"yyyymmddhhmmss"),DataTable!$A:$B,2,FALSE) -> 36.900002 | R17: =R$3-1 -> 36 | S17: =S$3+1 -> 38 | T17: =VLOOKUP("l" & T$3 & TEXT(DataLog[[#This Row],[Time]],"yyyymmddhhmmss"),DataTable!$A:$B,2,FALSE) -> 29.799999 | U17: =U$3-1 -> 29 | V17: =V$3+1 -> 31
... A101: =A100+TIME(0,15,0) -> 44687.25 | B101: =VLOOKUP("l" & B$3 & TEXT(DataLog[[#This Row],[Time]],"yyyymmddhhmmss"),DataTable!$A:$B,2,FALSE) -> 37.299999 | C101: =C$3-1 -> 36 | D101: =D$3+1 -> 38 | E101: =VLOOKUP("l" & E$3 & TEXT(DataLog[[#This Row],[Time]],"yyyymmddhhmmss"),DataTable!$A:$B,2,FALSE) -> 36.400002 | F101: =F$3-1 -> 35 | G101: =G$3+1 -> 37 | H101: =VLOOKUP("l" & H$3 & TEXT(DataLog[[#This Row],[Time]],"yyyymmddhhmmss"),DataTable!$A:$B,2,FALSE) -> 35.200001 | I101: =I$3-1 -> 34 | J101: =J$3+1 -> 36 | K101: =VLOOKUP("l" & K$3 & TEXT(DataLog[[#This Row],[Time]],"yyyymmddhhmmss"),DataTable!$A:$B,2,FALSE) -> 29.6 | L101: =L$3-1 -> 29 | M101: =M$3+1 -> 31 | N101: =VLOOKUP("l" & N$3 & TEXT(DataLog[[#This Row],[Time]],"yyyymmddhhmmss"),DataTable!$A:$B,2,FALSE) -> 24.799999 | O101: =O$3-1 -> 24 | P101: =P$3+1 -> 26 | Q101: =VLOOKUP("l" & Q$3 & TEXT(DataLog[[#This Row],[Time]],"yyyymmddhhmmss"),DataTable!$A:$B,2,FALSE) -> 37.099998 | R101: =R$3-1 -> 36 | S101: =S$3+1 -> 38 | T101: =VLOOKUP("l" & T$3 & TEXT(DataLog[[#This Row],[Time]],"yyyymmddhhmmss"),DataTable!$A:$B,2,FALSE) -> 30.4 | U101: =U$3-1 -> 29 | V101: =V$3+1 -> 31

Sheet DataTable
A1: vlookup | B1: Temp
A2: l020220505060000 | B2: 37.5
A3: l020220505061500 | B3: 37.299999
A4: l020220505063000 | B4: 37.5
A5: l020220505064500 | B5: 37.099998
A6: l020220505070000 | B6: 37.700001
A7: l020220505071500 | B7: 37.299999
A8: l020220505073000 | B8: 37.5
A9: l020220505074500 | B9: 37.5
A10: l020220505080000 | B10: 37.5
A11: l020220505081500 | B11: 37.5
A12: l020220505083000 | B12: 37.299999
A13: l020220505084500 | B13: 37.700001
... A209: l420220505091500 | B209: 35
A210: l420220505093000 | B210: =NA() -> #N/A
A211: l420220505094500 | B211: 35
A212: l420220505100000 | B212: 35
A213: l420220505101500 | B213: 35
A214: l420220505103000 | B214: 35
A215: l420220505104500 | B215: 35
A216: l420220505110000 | B216: 35
A217: l420220505111500 | B217: 35
A218: l420220505113000 | B218: 35
A219: l420220505114500 | B219: 35
A220: l420220505120000 | B220: 35
A221: l420220505121500 | B221: 35
A222: l420220505123000 | B222: 35
... A680: l1220220506060000 | B680: 30.4
